{"providers":[{"type":"space","advances":{"ꈂ":1,"ꈃ":-1,"ꈄ":2,"ꈅ":-2,"ꈆ":4,"ꈇ":-4,"ꈈ":8,"ꈉ":-8,"ꈊ":16,"ꈋ":-16,"ꈌ":32,"ꈍ":-32,"ꈎ":64,"ꈏ":-64,"ꈐ":128,"ꈑ":-128,"ꈒ":256,"ꈓ":-256,"ꈔ":512,"ꈕ":-512,"ꈖ":1024,"ꈗ":-1024,"ꈘ":2048,"ꈙ":-2048}},{"type":"bitmap","file":"hatchery:icon/left_click.png","height":10,"ascent":8,"chars":["ꈚ"]},{"type":"bitmap","file":"hatchery:icon/right_click.png","height":10,"ascent":8,"chars":["ꈛ"]},{"type":"bitmap","file":"hatchery:icon/shift.png","height":10,"ascent":8,"chars":["ꈜ"]},{"type":"bitmap","file":"hatchery:icon/lock.png","height":10,"ascent":8,"chars":["ꈝ"]}]}